"File","Hash"
"Evidence\auth_events_before_rotation.txt","DCF8F6E45837532F47F305FE12F245353389A6AF040F76BC1CFF61BC30D14B3B"
"Evidence\autoruns_before.csv","1B8ABE4DA869EA369C4AA59A1D324A01826714FD4B30F6EBAE03534AB1C45A06"
"Evidence\baseline_defender.txt","C2EDC80AAF262CDA1247CEE29EF5D60B9FB81B769DBFDAFF171BEB4C35F9F16C"
"Evidence\baseline_firewall.txt","63422460F398A5848552423D9D47BE7DCFA852A2F1765D5FE2F5716726FB9A40"
"Evidence\baseline_network.txt","FCA6C3A6FB0E4A42B7D7F7AB99E41FADCDC609631FC3AE1C9F5DCD404FA93833"
"Evidence\baseline_os.txt","EBF68DB1D9EC25B152DB4055CB8C9EFB545F35AEBE74D974D0D28B254CA7F4C3"
"Evidence\baseline_processes.txt","331618191B314B9CE1C1D5AB3FF5856593207B1DD8B689904414A46BF1C30619"
"Evidence\ddos_sources.txt","24E5D8450835390AF3D1D2515D13F7773CFCA6469FD627145D6BD6AD12CE84AC"
"Evidence\defender_eicar.txt","5BF0DD5DB3406719D3433AFA09F35E67FFE8321CDA6F81833ED726301A3EEE65"
"Evidence\local_load_test.txt","44CFD0CD19FA90B05A1D1407E0C70F0B643E5EE0E2F8FF35C557C720EC6988FC"
"Evidence\mail_sender_counts.txt","E7FD8D985E5F9B042B92A2DA6E06077815242EE5293D38BD074AD5476AB0D24E"
"Evidence\mail_volume.txt","2AB9646BC50CE4D3326BA3B3A2F28583D23FA2E3E7B26A54081E06D8A3A5AD96"
"Evidence\start_time.txt","F595D0CCFC9ED9555027FC31312A3C121A6724D967BE1442291C7132D8F61C64"
"Evidence\task_ran.txt","365EF3277CEBC3E7D18655CEAA7DB34800EB56A5BAD928E89E866CD6B1522648"
